list_name,name,label::english,label::bengali,upazila,rank_limit,,,,
enum_organisation,unhcr,UNHCR,???????????,,,,,,
enum_organisation,iom_npm,IOM NPM,????/??????,,,,,,
gender,male,Male,????? ,,,,,,
gender,female,Female,?????,,,,,,
gender,other,Other,????????,,,,,,
upazila,ukhiya,Ukhiya,??????,,,,,,
upazila,teknaf,Teknaf,??????,,,,,,
union,teknaf,Teknaf,??????,teknaf,,,,,
union,baharchara,Baharchara,????????,teknaf,,,,,
union,sabrang,Sabrang,??????,teknaf,,,,,
union,whykong,Whykong,?????????,teknaf,,,,,
union,nhilla_,Nhilla ,?????? ,teknaf,,,,,
union,jalia_palong,Jalia Palong,?????? ????,ukhiya,,,,,
union,palong_khali,Palong Khali,???? ????,ukhiya,,,,,
union,ranta_palong,Ranta Palong,???? ????,ukhiya,,,,,
union,raja_palong,Raja Palong,???? ????,ukhiya,,,,,
union,haldia_palong,Haldia Palong,?????? ???? ,ukhiya,,,,,
ward,ward_1,Ward 1,?????? ?,,,,,,
ward,ward_2,Ward 2,?????? ?,,,,,,
ward,ward_3,Ward 3,?????? ?,,,,,,
ward,ward_4,Ward 4,?????? ?,,,,,,
ward,ward_5,Ward 5,?????? ?,,,,,,
ward,ward_6,Ward 6,?????? ?,,,,,,
ward,ward_7,Ward 7,?????? ?,,,,,,
ward,ward_8,Ward 8,?????? ?,,,,,,
ward,ward_9,Ward 9,?????? ?,,,,,,
reached,yes,Yes,?????,,,,,,
reached,nobody_answering,Nobody answering,??? ??? ????? ???? ??,,,,,,
reached,inactive_sim,Inactive SIM,??? ??????????,,,,,,
consent,yes,Yes,?????,,,,,,
consent,no,No,??,,,,,,
consent,not_eligible,Not eligible for interview,????? ????? ???? ??????? ?? ,,,,,,
consent,child_headed_hh,Child-headed household,???? ?????? ??????,,,,,,
yes_no,yes,Yes,?????,,,,,,
yes_no,no,No,??,,,,,,
marital_status,single,Single,????????,,,,,,
marital_status,married,Married,???????,,,,,,
marital_status,separated,Separated,?????,,,,,,
marital_status,widow,Widow(er),????????????,,,,,,
marital_status,divorced,Divorced,?????,,,,,,
marital_status,decline_to_answer,Decline to answer,????? ???? ??? ??,,,,,,
education_level,1,1,?,,,,,,
education_level,2,2,?,,,,,,
education_level,3,3,?,,,,,,
education_level,4,4,?,,,,,,
education_level,5,5,?,,,,,,
education_level,6,6,?,,,,,,
education_level,7,7,?,,,,,,
education_level,8,8,?,,,,,,
education_level,9,9,?,,,,,,
education_level,10,10,??,,,,,,
education_level,11,11,??,,,,,,
education_level,12,12,??,,,,,,
education_level,above_grade_12,Above grade 12/tertiary education,?? ??????? ???? (????????????? ????? ??????),,,,,,
education_level,vocational,Vocational/technical training,???????/ ??????????? ?????????,,,,,,
education_level,madrasah_only,Madrasah only,???? ????????,,,,,,
education_level,no_education,No education,???????? ???,,,,,,
education_level,dont_know,Don't know/prefer not to answer,??????/ ????? ???? ??? ?? ,,,,,,
yes_no_dk,yes,Yes,?????,,,,,,
yes_no_dk,no,No,??,,,,,,
yes_no_dk,dont_know,Don't know,??????/ ????? ???? ??? ?? ,,,,,,
individuals,individual1,"Age: ${ind_age1}, Gender: ${ind_gender1}","???: ${ind_age1}, ?????: ${ind_gender1}",,,,,,
individuals,individual2,"Age: ${ind_age2}, Gender: ${ind_gender2}","???: ${ind_age2}, ?????: ${ind_gender2}",,,,,,
individuals,individual3,"Age: ${ind_age3}, Gender: ${ind_gender3}","???: ${ind_age3}, ?????: ${ind_gender3}",,,,,,
individuals,individual4,"Age: ${ind_age4}, Gender: ${ind_gender4}","???: ${ind_age4}, ?????: ${ind_gender4}",,,,,,
individuals,individual5,"Age: ${ind_age5}, Gender: ${ind_gender5}","???: ${ind_age5}, ?????: ${ind_gender5}",,,,,,
individuals,individual6,"Age: ${ind_age6}, Gender: ${ind_gender6}","???: ${ind_age6}, ?????: ${ind_gender6}",,,,,,
individuals,individual7,"Age: ${ind_age7}, Gender: ${ind_gender7}","???: ${ind_age7}, ?????: ${ind_gender7}",,,,,,
individuals,individual8,"Age: ${ind_age8}, Gender: ${ind_gender8}","???: ${ind_age8}, ?????: ${ind_gender8}",,,,,,
individuals,individual9,"Age: ${ind_age9}, Gender: ${ind_gender9}","???: ${ind_age9}, ?????: ${ind_gender9}",,,,,,
individuals,individual10,"Age: ${ind_age10}, Gender: ${ind_gender10}","???: ${ind_age10}, ?????: ${ind_gender10}",,,,,,
individuals,individual11,"Age: ${ind_age11}, Gender: ${ind_gender11}","???: ${ind_age11}, ?????: ${ind_gender11}",,,,,,
individuals,individual12,"Age: ${ind_age12}, Gender: ${ind_gender12}","???: ${ind_age12}, ?????: ${ind_gender12}",,,,,,
individuals,individual13,"Age: ${ind_age13}, Gender: ${ind_gender13}","???: ${ind_age13}, ?????: ${ind_gender13}",,,,,,
individuals,individual14,"Age: ${ind_age14}, Gender: ${ind_gender14}","???: ${ind_age14}, ?????: ${ind_gender14}",,,,,,
individuals,individual15,"Age: ${ind_age15}, Gender: ${ind_gender15}","???: ${ind_age15}, ?????: ${ind_gender15}",,,,,,
individuals,individual16,"Age: ${ind_age16}, Gender: ${ind_gender16}","???: ${ind_age16}, ?????: ${ind_gender16}",,,,,,
individuals,individual17,"Age: ${ind_age17}, Gender: ${ind_gender17}","???: ${ind_age17}, ?????: ${ind_gender17}",,,,,,
individuals,individual18,"Age: ${ind_age18}, Gender: ${ind_gender18}","???: ${ind_age18}, ?????: ${ind_gender18}",,,,,,
individuals,individual19,"Age: ${ind_age19}, Gender: ${ind_gender19}","???: ${ind_age19}, ?????: ${ind_gender19}",,,,,,
individuals,individual20,"Age: ${ind_age20}, Gender: ${ind_gender20}","???: ${ind_age20}, ?????: ${ind_gender20}",,,,,,
difficulty,no_difficulty,No difficulty,???? ??????? ???,,,,,,
difficulty,some_difficulty,Some difficulty,?????? ??????? ??? ,,,,,,
difficulty,lot_of_difficulty,A lot of difficulty,???? ??????? ??? ,,,,,,
difficulty,cannot_do,Cannot do at all,???? ???? ???? ??,,,,,,
difficulty,refused,Refused,????? ?????,,,,,,
difficulty,dont_know,Don't know,??????,,,,,,
child_nutrition_treatment,sam_treatment,"Yes, visited nutrition facility and child received Pushti/RUTF (treatment for severe acute malnutrition)","?????, ?????????????? ???????, ?????? ??????????? / ???????? ????? ????? (???????? ???????? ???????) ",,,,,,
child_nutrition_treatment,mam_treatment,"Yes, visited nutrition facility and child received WSB++/Suji (treatment for moderate acute malnutrition)","?????, ?????????????? ??????? ?????? ?????????? ++/???? ????? ????? (?????? ????? ???????? ???????? ????)",,,,,,
child_nutrition_treatment,inpatient_treatment,"Yes, child received treatment for severe acute malnutrition in a hospital or stabilization centre through in-patient care","?????, ???? ???????? ?? ????????? ???????? ??????? ???? ??????? ????? ??????? ???????? ???????? ??????? ????? ??????",,,,,,
child_nutrition_treatment,treatment_not_received,"Yes, visited nutrition facility, hospital or stabilization centre but did not receive any support for the child","?????, ?????????????, ???????? ?? ????????? ??????? ???????? ????? ?????? ??????? ???? ??? ???????? ??????",,,,,,
child_nutrition_treatment,child_not_taken,"No, did not visit nutrition facility, hospital or stabilization centre with the child","??,?????? ??? ?????????????, ???????? ?? ????????? ???????? ????? ???? ",,,,,,
nutrition_challenges,no_issues,Did not face any issues when visiting the facility,???????????? ?????? ??? ???? ??????? ???????? ????,,,,,,
nutrition_challenges,covid_fear,Fear of contracting COVID-19,?????-?? ? ???????? ????? ??,,,,,,
nutrition_challenges,quarantine,Household is in quarantine,???????? ????????????? ???,,,,,,
nutrition_challenges,movement_restrictions,Movement restrictions,??????? ??????????,,,,,,
nutrition_challenges,female_caregiver_cant_go,Female caregiver cannot take child to facility by herself and no one is available to accompany her,????? ??????? ???? ???????? ??????????? ???? ???? ?? ??? ??? ???? ??????? ????? ??? ??? ,,,,,,
nutrition_challenges,noone_available,No one available in the household to take the child,???????? ???? ???? ???????? ???? ??? ??? ,,,,,,
nutrition_challenges,does_not_believed_malnourished,Household does not believe that child is malnourished and needs treatment,???????? ????? ??????? ???? ?? ?? ???? ????????? ????? ??? ??? ??????? ????????,,,,,,
nutrition_challenges,dont_believe_in_treatment,Household does not believe that the treatment provided in the facility will cure the child,????? ??????? ???? ???????? ??????????? ???? ???? ?? ??? ??? ???? ??????? ????? ??? ??? ,,,,,,
nutrition_challenges,dont_trust_recommendation,Household does not trust the recommendations of the community nutrition volunteers/nutrition facility staff,???????? ????????? ?????? ????????????/??????????????? ???????? ????????????? ????? ???,,,,,,
nutrition_challenges,too_far,Facility is too far/lack of transport,????????? ?????? ???? / ???????? ????,,,,,,
nutrition_challenges,safety_concerns,Safety concerns on the way to nutrition facility/at facility,?????????????? ????/ ?????????????? ????????????? ??????,,,,,,
nutrition_challenges,waiting_times,Long waiting times at facility/overcrowded,???????? ??????? ??? ??????? ???? ?? / ???? ???????? ,,,,,,
nutrition_challenges,inaccessibility,"Inaccessibility (e.g. due to bad roads, flooding, etc.)","?????? ????? (???? ????? ??????, ?????? ????? ???????)",,,,,,
nutrition_challenges,lack_female_staff,Lack of female staff at facility,???????? ????? ???????? ????,,,,,,
nutrition_challenges,lack_gender_segregation,No gender segregation at facility,???????? ???? ????? ?????? ???,,,,,,
nutrition_challenges,language_barriers,Language barriers or issues at facility,?????? ?????? ?? ???????? ??????,,,,,,
nutrition_challenges,rejected,Household has been rejected from the facility in the past without receiving support,???????? ????? ??????? ?? ???? (??????)???????? ???? ???????????? ??????,,,,,,
nutrition_challenges,no_sessions,No regular health and nutrition education sessions conducted due to COVID-19,?????? ????? ??????? ???? ????????? ? ??????? ?????? ????? ??? ???????? ?????,,,,,,
nutrition_challenges,opening_hours,Opening hours/days of the nutrition facility changed,????????????? ????? ????? / ??? ???????? ??????,,,,,,
nutrition_challenges,dont_know_where,Don’t know where to take the child,?????? ?????? ????? ???? ??? ?? ????? ??,,,,,,
nutrition_challenges,other,Other (specify),???????? (?????? ????),,,,,,
nutrition_challenges,dont_know,Don't know/prefer not to answer,??????/ ???? ????? ???,,,,,,
nutrition_barriers,already_referred,"Child is already referred, household waiting for distribution day ","???????? ???????? ????? ??? ?????, ???????? ??????? ????? ???? ??????? ????",,,,,,
nutrition_barriers,not_admitted,Child did not meet the admission criteria after final cross-checking of measurement at centre ,?????????????? ???????? ?????? ???????? ??? ?????? ?????? ??????? ???? ????? ,,,,,,
nutrition_barriers,covid_fear,Fear of contracting COVID-19,?????-?? ? ???????? ????? ??,,,,,,
nutrition_barriers,quarantine,Household is in quarantine,???????? ????????????? ???,,,,,,
nutrition_barriers,movement_restrictions,Movement restrictions,??????? ??????????,,,,,,
nutrition_barriers,female_caregiver_cant_go,Female caregiver cannot take child to facility by herself and no one is available to accompany her,????? ??????? ???? ???????? ??????????? ???? ???? ?? ??? ??? ???? ??????? ????? ??? ??? ,,,,,,
nutrition_barriers,noone_available,No one available in the household to take the child,???????? ???? ???? ???????? ???? ??? ??? ,,,,,,
nutrition_barriers,does_not_believed_malnourished,Household does not believe that child is malnourished and needs treatment,???????? ????? ??????? ???? ?? ?? ???? ????????? ????? ??? ??? ??????? ????????,,,,,,
nutrition_barriers,dont_believe_in_treatment,Household does not believe that the treatment provided in the facility will cure the child,????? ??????? ???? ???????? ??????????? ???? ???? ?? ??? ??? ???? ??????? ????? ??? ??? ,,,,,,
nutrition_barriers,dont_trust_recommendation,Household does not trust the recommendations of the community nutrition volunteers/nutrition facility staff,???????? ????????? ?????? ????????????/??????????????? ???????? ????????????? ????? ???,,,,,,
nutrition_barriers,too_far,Facility is too far/lack of transport,????????? ?????? ???? / ???????? ????,,,,,,
nutrition_barriers,safety_concerns,Safety concerns on the way to nutrition facility/at facility,?????????????? ????/ ?????????????? ????????????? ??????,,,,,,
nutrition_barriers,waiting_times,Long waiting times at facility/overcrowded,???????? ??????? ??? ??????? ???? ?? / ???? ???????? ,,,,,,
nutrition_barriers,inaccessibility,"Inaccessibility (e.g. due to bad roads, flooding, etc.)","?????? ????? (???? ????? ??????, ?????? ????? ???????)",,,,,,
nutrition_barriers,lack_female_staff,Lack of female staff at facility,???????? ????? ???????? ????,,,,,,
nutrition_barriers,lack_gender_segregation,No gender segregation at facility,???????? ???? ????? ?????? ???,,,,,,
nutrition_barriers,language_barriers,Language barriers or issues at facility,?????? ?????? ?? ???????? ??????,,,,,,
nutrition_barriers,rejected,Household has been rejected from the facility in the past without receiving support,???????? ????? ??????? ?? ???? (??????)???????? ???? ???????????? ??????,,,,,,
nutrition_barriers,no_sessions,No regular health and nutrition education sessions conducted due to COVID-19,?????? ????? ??????? ???? ????????? ? ??????? ?????? ????? ??? ???????? ?????,,,,,,
nutrition_barriers,opening_hours,Opening hours/days of the nutrition facility changed,????????????? ????? ????? / ??? ???????? ??????,,,,,,
nutrition_barriers,dont_know_where,Don’t know where to take the child,?????? ?????? ????? ???? ??? ?? ????? ??,,,,,,
nutrition_barriers,other,Other (specify),????? ???,,,,,,
nutrition_barriers,dont_know,Don't know/prefer not to answer,?'? ????/ ????? ???,,,,,,
priority_needs,access_to_food,Access to food,??????? ??????? ????? ,,,,,,
priority_needs,shelter_materials,Shelter materials/upgrade,?????? ??????? / ???? ???,,,,,,
priority_needs,access_to_water,Access to clean drinking water,??????? ??????? ???? ??????/ ????? ,,,,,,
priority_needs,access_to_latrines,Access to safe and functional latrines,?????? ??? ????????? ??????????????? ????????????,,,,,,
priority_needs,access_to_hygiene_items,Access to hygiene items,???????????? ????? ????????? ?????,,,,,,
priority_needs,electricity,Electricity/solar lamps/batteries,??????? / ?????/??? ???????/ ????????,,,,,,
priority_needs,household_cooking_items,Household/cooking items,????????? / ?????? ?????,,,,,,
priority_needs,clothing,Clothing,??????,,,,,,
priority_needs,access_to_health_services,Access to health services and/or medicine,????????? ???? ??? / ???? ??? ????? ???,,,,,,
priority_needs,access_to_nutrition_services,"Access to essential nutrition services (for children, PLW)","??????????? ?????? ??????????? ?????/?????? (??????? ????,??????? ?? ????????????? ???????? ???? )",,,,,,
priority_needs,protection_services,Access to protection services,??????? ??????????? ?????,,,,,,
priority_needs,access_to_education_for_children,Access to education for children,??????? ???? ??????? ???????????? ?????,,,,,,
priority_needs,civil_documentation,Civil documentation (ID cards),????? ??????????? (??????????),,,,,,
priority_needs,cooking_fuel,Cooking Fuel,?????? ????????,,,,,,
priority_needs,access_to_igas,Access to income-generating activities/employment,??? ??????????? ????????? / ????????????? ????????????,,,,,,
priority_needs,access_to_information,Access to information,???? ????? ,,,,,,
priority_needs,support_with_feedback,Support with providing feedback on relief items or services received,???? ????? ????? ?? ???? ?????? ?? ?????? / ??????????? ??????? ??????,,,,,,
priority_needs,access_to_cash,Access to conditional cash (cash for work),??????????? ??? ???? ????? (????? ??????? ??? ???),,,,,,
priority_needs,other,Other (specify),???????? (?????? ????),,,,,,
priority_needs,no_need,Don’t need support,???????? ????? ???,,,,,,
modality_food,assistance,In-kind assistance,??????? ???????,,,,,,
modality_food,cash_assistance,Cash assistance,??? ???????,,,,,,
modality_food,vouchers,Vouchers,??????,,,,,,
modality_food,combination,Combination/mixed modality (cash and voucher),????? ?????? / ????? ??????(??? ???? ??? ??????),,,,,,
modality_food,no_preference,No preference,???? ????? ???,,,,,,
modality,assistance,In-kind assistance,??????? ???????,,,,,,
modality,cash_assistance,Cash assistance,??? ???????,,,,,,
modality,vouchers,Vouchers,??????,,,,,,
modality,combination,Combination,??? ??????? ? ??????? ??????? ,,,,,,
modality,no_preference,No preference,???? ????? ???,,,,,,
modality_shelter,materials,In-kind materials,??????? ???????,,,,,,
modality_shelter,cash_assistance,Cash assistance,??? ???????,,,,,,
modality_shelter,vouchers_for_materials,Vouchers for materials,???????? ???? ??????,,,,,,
modality_shelter,combination_of_inkind,Combination of in-kind/cash/vouchers,"???, ??????? ??????",,,,,,
modality_shelter,carpenter,Carpenter/mason/labor support,"???????????, ?????? ?? ????? ",,,,,,
modality_shelter,technical_assistance,Technical assistance (knowledge/training),??????? ?????,,,,,,
modality_shelter,no_preference,No preference,???? ????? ???,,,,,,
modality_shelter,other,Other (please specify),???????? (?????? ????),,,,,,
rank_list,1,1,?,,1,,,,
rank_list,2,2,?,,2,,,,
rank_list,3,3,?,,3,,,,
most_needed_hygiene,soap,Bathing soap,?????? ?????,,,,,,
most_needed_hygiene,drinking_water_containers,Water containers for drinking water (storage or collection),?????? ???? ???? ? ????? ????? (?????? ?? ?????? ???),,,,,,
most_needed_hygiene,other_water_containers,Other water containers (laundry…),???????? ????? ?????? (???? ????…),,,,,,
most_needed_hygiene,menstrual_hygiene_items,"Menstrual hygiene items (pads, underwear)","?????????????? ????????? ????????? (?????, ?????????)",,,,,,
most_needed_hygiene,masks,Mouth/nose mask,??? / ??? ?????,,,,,,
most_needed_hygiene,hand_disinfecant,Hand disinfectant/hand sanitizer,????? ?????????? / ??????? ????????????,,,,,,
most_needed_hygiene,shampoo,Shampoo,????????,,,,,,
most_needed_hygiene,detergant,"Laundry detergent (e.g. Dettol, Savlon, etc.)","???? ????? ?????????? (???? ????, ????? ???????)",,,,,,
most_needed_hygiene,laundry_powder,Laundry powder/laundry soap for clothes,???? ????? ?????? / ???? ????? ?????,,,,,,
most_needed_hygiene,latrine_cleaning,Latrine cleaning materials/tools,????????? ?????????? ????? / ???????,,,,,,
most_needed_hygiene,toothbrush,Toothbrush,?????? ?????,,,,,,
most_needed_hygiene,toothpaste,Toothpaste,????????,,,,,,
most_needed_hygiene,towel,Towel,???????,,,,,,
most_needed_hygiene,bin,Waste bin,????? ????,,,,,,
most_needed_hygiene,other,Other (specify),????????(????????? ????),,,,,,
nfi_list,blankets,Blankets,?????,,,,,,
nfi_list,mattresses_mats,Mattresses/sleeping mats,?????????/ ??????? ?????,,,,,,
nfi_list,kitchen_sets,Kitchen sets,?????????? ??????????,,,,,,
nfi_list,torches_lights,Torches/handheld lights,???? / ????? ????,,,,,,
nfi_list,batteries,Batteries,????????,,,,,,
nfi_list,fans,Fans,?????,,,,,,
nfi_list,mosquito_nets,Mosquito nets,?????,,,,,,
nfi_list,clothes_storage,Steel trunk to keep clothes and other items,????? ? ???????? ????????? ????? ??????? ???????/?????,,,,,,
nfi_list,bedding_items,Bedding items,??????? ???????,,,,,,
nfi_list,other,Other (specify),???????? ,,,,,,
most_needed_clothing,clothing_adults,Clothing for adult men,??????? ????? ??????? ???? ?????,,,,,,
most_needed_clothing,clothing_children,Clothing for adult women,??????? ????? ???????? ???? ?????,,,,,,
most_needed_clothing,shoes_adults,Clothing for girls,???? ??????? ???? ?????,,,,,,
most_needed_clothing,shoes_children,Clothing for boys,???? ??????? ???? ?????,,,,,,
most_needed_clothing,clothing_lactating,Clothing for lactating mothers,????????????? ???????? ???? ?????,,,,,,
most_needed_clothing,clothing_infants,Clothing for infants,??????? ???? ?????,,,,,,
most_needed_clothing,clothing_elderly,Casual clothes for senior citizens,?????? ?????????? ???? ????????? ?????,,,,,,
most_needed_clothing,other,Other (specify),???????? (?????? ????),,,,,,
edu_support,exemption_fees,Exemption from school fees,????? ?? ???? ????????,,,,,,
edu_support,cash_supplies,"Cash for school supplies (pen, paper, notebook, learning materials)","??????? ??????????? ???? ??? ???? (???, ????, ??????, ????? ?????)",,,,,,
edu_support,cash_food,Cash for children’s food,??????? ??????? ???? ??? ????,,,,,,
edu_support,cash_work,Cash to offset opportunity cost of child working,???? ??????? ??????? ??? ???? ?????? ,,,,,,
edu_support,cash_tutors,Cash to pay for private tutors,?????????? ????????? ???? ??????,,,,,,
edu_support,supplies,"Direct provision of school supplies (pen, paper, notebook, learning materials)","??????? ????????? ???????? ?????? ????? (???, ????, ??????, ????? ?????)",,,,,,
edu_support,livelihoods,Livelihood support for parents,????????? ?????? ????????? ???? ???????,,,,,,
edu_support,additional_materials,Additional supplementary learning materials at home,??????? ???????? ??????? ?????? ?????,,,,,,
edu_support,more_guidance,More guidance from teachers,????????? ??? ?????????????,,,,,,
edu_support,online_classes,Online classes,?????? ?????,,,,,,
edu_support,technology,"Technological devices to access education (e.g. radio, TV, tablet)","????????? ????????? ???? ???? ??????????? ?????? (???? ?????, ????, ????????)",,,,,,
edu_support,other,Other (specify),???????? (????????? ????),,,,,,
edu_support,dont_know,Don't know/prefer not to answer,??????/ ???? ????? ???,,,,,,
protection_services,no_need,No support needed,??????? ???????? ???,,,,,,
protection_services,mental_health,Mental health & psychosocial support,?????? ????????? ??? ???-??????? ???????,,,,,,
protection_services,safety_women,Improved safety and security for women and girls,????? ??? ???????? ???? ????? ????????? ??? ???????,,,,,,
protection_services,safety,Improved safety and security in general,?????????? ????????? ??? ???????? ??????,,,,,,
protection_services,justice_mediation,Access to justice and mediation,??????????? ??? ??????? ??????,,,,,,
protection_services,other,Other (specify),???????? (?????? ????),,,,,,
protection_services,dont_know,Don’t know/prefer not to answer,??????/ ???? ????? ???,,,,,,
shelter_type,jhuprie,Jhuprie,?????,,,,,,
shelter_type,kutcha,Kutcha,?????,,,,,,
shelter_type,semi_pucca,Semi pucca,??? ????,,,,,,
shelter_type,pucca,Pucca,????,,,,,,
shelter_type,none_with_other_hh,No own shelter (staying with other household),?????? ??? ?????????? ??? (???????? ???????? ???? ????),,,,,,
shelter_type,none_in_open,None (sleeping in the open),????? ??? (???? ?????? ???? ?????),,,,,,
shelter_type,other,Other (specify),???????? (?????? ????),,,,,,
shelter_type,dont_know,Don't know/prefer not to answer,??????/ ???? ????? ???,,,,,,
shelter_issues_reason,damage_roof,"Damage to roof (cracks, openings, partial collapse, damaged/rotten materials)","???? ????? (????, ????????, ????? ??, ??????????? / ??? ?????)",,,,,,
shelter_issues_reason,damage_windows,"Damage to windows and/or doors (missing, broken, unable to shut properly)","?????? ??? / ?? ???????? ??????????? (????????? ?? ??? , ??????, ???????? ???? ??? ?????)",,,,,,
shelter_issues_reason,damage_walls,"Damage to walls (cracks, openings, partial collapse, damaged/rotten materials)","?????? ??????????? (????, ????????, ????? ??, ??????????? / ??? ?????)",,,,,,
shelter_issues_reason,structure_unstable,Damage to/unstable bamboo structure,?????? ?????? ???????????/???????,,,,,,
shelter_issues_reason,unsafe_location,"Damage to shelter due to unsafe location (landslide, flooding)","??????? ????????? ????? ???? ????????? (??????, ?????)",,,,,,
shelter_issues_reason,other,Other (specify),???????? (?????? ????),,,,,,
shelter_issues_reason,dont_know,Don't know/prefer not to answer,??????/ ???? ????? ???,,,,,,
living_space_issues,no_issues,"No, no other issues","??, ???? ???? ?????? ???",,,,,,
living_space_issues,lack_bathing_facilities,Lack of access to bathing facilities (private or communal),????????? ??????? ???? (????????? ?? ???????),,,,,,
living_space_issues,bathing_facilities_unsafe,Bathing facilities are unsafe to access/use (private or communal),???????? ????????? ???? ?????? ??? (????????? ?? ???? ????????),,,,,,
living_space_issues,lack_latrines,Lack of access to latrines (private or communal),??????????? ?????? ??? (????????? ?? ???? ???????? ),,,,,,
living_space_issues,latrines_unsafe,Latrines are unsafe to access/use (private or communal),????????? ????????? ???? ?????? ??? (????????? ?? ???? ????????),,,,,,
living_space_issues,lack_cooking_facilities,Lack of cooking space,??????? ??????? ????,,,,,,
living_space_issues,cooking_facilities_unsafe,Cooking space without plastered wall,??????? ?????? ( ?????????????? ????? ?????),,,,,,
living_space_issues,lack_lighting_inside,Lack of lighting inside the shelter,???? ????? ???? ????,,,,,,
living_space_issues,lack_lighting_outside,Lack of lighting around the shelter,???? ??????? ???? ????,,,,,,
living_space_issues,lack_privacy,Lack of privacy inside the shelter (no partitions),???? ????? ?????????? ???? (???? ???????? ???),,,,,,
living_space_issues,lack_space,Lack of space for all household members inside shelter,???? ????????? ???????? ??? ??????? ???? ??????? ????,,,,,,
living_space_issues,unable_lock,Unable to lock home securely,??????? ?? ??/???? ??? ????? ,,,,,,
living_space_issues,drainage_blocked,Drainage is blocked and water floods inside the shelter,?????/???????? ???? ??? ??? ??? ???? ????? ????? ?????,,,,,,
living_space_issues,plinth_too_low,Plinth is too low and water floods inside the shelter,"??????/??? ??? ???? ??? ????? ????? ????? ????? ??? ??? ???? ??? ????? ????? ????? ?????
",,,,,,
living_space_issues,high_plinth,High plinth makes it difficult to enter/exit shelter,"
???/?????? ???? ????? ????? ???? ?????? ???/ ??? ???? ??????",,,,,,
living_space_issues,access_pathways,Shelter is hard to access because stairs/pathways to shelter are difficult to navigate,"??? ??????? ??? ??? ???? ?????, ???? ?????? / ?? ??????? ????? ???? ??? ?????? ?? ",,,,,,
living_space_issues,thresholds_rooms,Thresholds between rooms make it difficult to move around shelter,???? ?????? ??????? ????????????? ????? ?????????? ?????? ???????? ??? ??????,,,,,,
living_space_issues,damage_floor,Damaged floor/lack of cement,??????????? ???? / ???????? ??? ???? ,,,,,,
living_space_issues,lack_fire_break,Lack of fire break between shelter and adjacent shelter,?? ??? ?? ?????? ?????????? ???? ?????? ??????? ????,,,,,,
living_space_issues,other,Other (specify),???????? (?????? ????),,,,,,
living_space_issues,dont_know,Don't know/prefer not to answer,??????/ ???? ????? ???,,,,,,
shelter_improvement,no_improvement,No improvement,???? ?????? ?????,,,,,,
shelter_improvement,replaced_tarpaulin,"Yes, replaced tarpaulin","?????, ??????? ?????? ?????",,,,,,
shelter_improvement,repaired_roof_structure,"Yes, repaired/upgraded the roof structure","?????, ?????? ?????? ?????? / ?????? ?? ????? ??? ??????",,,,,,
shelter_improvement,tied_down,"Yes, tied down the roof/shelter","?????, ?????????? ????? ??? ???? ???? ??? ",,,,,,
shelter_improvement,installed_gutter,"Yes, installed gutter","?????, ???? ????? ???? ???? ???? ???? ???? ???? ?????? ?????",,,,,,
shelter_improvement,installed_bracing,"Yes, installed bracing","????? , ???/??? ???????? ??? ???? ??????? ??? ???? ??? ???? ",,,,,,
shelter_improvement,repaired_windows,"Yes, repaired/upgraded the windows and/or doors","?????, ?????? ???/?? ???? ?????? / ????? ??? ??????",,,,,,
shelter_improvement,repaired_floor,"Yes, repaired/upgraded the floor (cement layer added, etc.)","
?????, ???? ?????? / ??????? ?? ????? ??? ?????? (???? ????????? ???? ????? ??? ?????, ???????)",,,,,,
shelter_improvement,repaired_walls,"Yes, repaired the walls","?????, ?????????? ?????? ??? ????? ",,,,,,
shelter_improvement,built_new_shelter,"Yes, built a new shelter","?????, ???? ???? ??????? ??????? ??? ????? ",,,,,,
shelter_improvement,added_partitions,"Yes, added partitions to divide the internal space","?????, ???? ?????? ????? ??? ??? ?????? ???? ???????? ????? ?????",,,,,,
shelter_improvement,added_lock,"Yes, shelter can now be locked from inside and/or outside","?????, ?? ??? ???? ??? ????? ???? ???? ????? ???",,,,,,
shelter_improvement,built_kitchen_area,"Yes, built a kitchen area inside the shelter","?????, ???? ????? ???????? ?????? ?????",,,,,,
shelter_improvement,non_inflammable_kitchen_materials,"Yes, installed non-inflammable materials in kitchen area","?????, ????????? ?????? ????? ?????? ?????",,,,,,
shelter_improvement,built_bathing_space,"Yes, built a bathing space inside the shelter","?????, ???? ????? ?????? ????? ?????? ?????",,,,,,
shelter_improvement,fixed_drainage,"Yes, installed/fixed drainage around the shelter","?????, ???? ???? ????? ??????? ???? ???? ???? ??? ?????/ ???? ???????? ??? ??? ?????",,,,,,
shelter_improvement,improved_access,"Yes, improved access to the shelter","?????, ?? ????? - ???? ????????? ?????? ????? ",,,,,,
shelter_improvement,extended,"Yes, extended the shelter due to increased number of family members or family reunion","?????, ???????? ????? ?????? ????? ?????/???????? ????????? ?? ???? ???? ?????????? ??? ?????",,,,,,
shelter_improvement,other,Other (specify),???????? (?????? ????),,,,,,
shelter_improvement,dont_know,Don't know/prefer not to answer,??????/ ???? ????? ???,,,,,,
improvement_reason,no_need_to_improve,No need to improve,???????? ??????? ???,,,,,,
improvement_reason,did_not_receive_any_shelter_support,Did not receive any shelter support from humanitarian organization,?????? ?????? ???? ??? ???? ??????? ?????,,,,,,
improvement_reason,sold_materials,Received materials but sold them to cover other needs,????? ???? ?????? ?????? ???????? ?????? ?????? ?????? ?????? ??? ????? ,,,,,,
improvement_reason,no_money_to_pay_for_materials,No money to pay for materials,??????? ???? ????? ???? ???,,,,,,
improvement_reason,quality_materials_expensive,Quality materials are too expensive,???????? ????????? ??? ?????????,,,,,,
improvement_reason,materials_unavailable,Materials are unavailable,????????? ????? ???????? ,,,,,,
improvement_reason,quality_materials_unavailable,Quality materials are unavailable,???????? ????????? ????? ?????,,,,,,
improvement_reason,no_money_to_pay_for_labor,No money to pay for labor,???????? ?????? ??? ???? ???,,,,,,
improvement_reason,no_able_bodied_person,No able-bodied household member available to make repairs,???? ???????? ???? ???????? ??? ??????????? ????? ??????? ???,,,,,,
improvement_reason,how_to_improve_the_shelter,Don't know how to improve the shelter,?? ?????? ?????? ???? ??? ??????,,,,,,
improvement_reason,where_to_buy_materials,Don't know where to buy materials,????? ???? ???? ????? ???? ??????,,,,,,
improvement_reason,who_to_ask_for_support,Don't know who to ask for support,???????? ???? ??? ???? ??? ??????,,,,,,
improvement_reason,other,Other (specify),???????? (?????? ????),,,,,,
improvement_reason,dont_know,Don't know/prefer not to answer,??????/ ???? ????? ???,,,,,,
shelter_materials_source,provided,Provided by humanitarian organization,?????? ?????? ?????? ?????,,,,,,
shelter_materials_source,purchased,Purchased by household themselves,???????? ??????? ?????? ,,,,,,
shelter_materials_source,exchanged,Exchanged for other goods,???????? ??????? ???? ?????? ?????,,,,,,
shelter_materials_source,reused_existing_materials,Reused existing materials,???? ????? ?????? ??????? ?????,,,,,,
shelter_materials_source,other,Other (specify),???????? (?????? ????),,,,,,
shelter_materials_source,dont_know,Don't know/prefer not to answer,??????/ ???? ????? ???,,,,,,
hlp_disputes,no_issues,"No, no issues","??, ??? ?????? ???",,,,,,
hlp_disputes,land_disputes,"Yes, issues over use of land for shelter","?????, ???????????? ???? ??? ????????? ?????? ?????? ??? ",,,,,,
hlp_disputes,water_disputes,"Yes, issues over access to water and other resources","?????, ???? ??? ???????? ??????????? ?????? ?????? ??? ",,,,,,
hlp_disputes,graveyard_disputes,"Yes, issues over access to graveyard land","?????, ?????????? ??? ????????? ?????? ???",,,,,,
hlp_disputes,rent_disputes,"Yes, issues over rent payments","?????, ????? ???????? ?????? ?????? ??????",,,,,,
hlp_disputes,other,Other (specify),???????? (?????? ????),,,,,,
hlp_disputes,dont_know,Don't know/prefer not to answer,??????/ ???? ????? ???,,,,,,
fuel,receiving_lpg_refills,Received LPG refills from humanitarian organization,?????? ?????? ???? ?? ?? ?? ?????/????????? ??????,,,,,,
fuel,buying_lpg_refills,Bought LPG refills,?????? ????? ??????,,,,,,
fuel,firewood_purchased,Bought firewood,???????? ??? ???????,,,,,,
fuel,firewood_self_collected,Collected firewood,???????? ??? ?????? ??????,,,,,,
fuel,shelter_materials,Shelter materials used as firewood,?? ????? ????????? ???????? ??? ?????? ??????? ???,,,,,,
fuel,kerosene,Kerosene or other combustible,?????? ???? ???????? ????????,,,,,,
fuel,charcoal,Charcoal or similar,???? ???? ????? ?? ???? ????,,,,,,
fuel,dried_animal_dung,Dried animal dung/manure,???? ????? ????/???,,,,,,
fuel,compressed_rice_husk,Compressed Rice Husk (CRH),????? ??? ,,,,,,
fuel,other,Other (specify),???????? (?????? ????),,,,,,
fuel,dont_know,Don't know/Prefer not to answer,??????/ ???? ????? ???,,,,,,
health_transportation,walking,Walking,?????,,,,,,
health_transportation,bicycle,Bicycle,??????,,,,,,
health_transportation,motorbike,Motorbike,??????????,,,,,,
health_transportation,car,Private car,????????? ?????,,,,,,
health_transportation,bus,Bus,???,,,,,,
health_transportation,bicycle_rickshaw,Bicycle rickshaw,?????,,,,,,
health_transportation,tuk_tuk,Tuk Tuk,??? ???,,,,,,
health_transportation,other,Other (specify),???????? (?????? ????),,,,,,
health_transportation,dont_know,Don't know/prefer not to answer,??????/ ???? ????? ???,,,,,,
needed_healthcare,yes_4weeks,"Yes, during the past month (4 weeks)","?????, ?? ???? (? ??????)",,,,,,
needed_healthcare,yes_3months,"Yes, during the past 2-3 months","?????, ?? ?-? ????? ?????",,,,,,
needed_healthcare,no,No,??,,,,,,
needed_healthcare,dont_know,Don't know/prefer not to answer,?'? ????/ ????? ???,,,,,,
clinics,nowhere,Did not seek health care,????????????? ?????,,,,,,
clinics,ngo_clinic,NGO clinic,????? ????????,,,,,,
clinics,government_clinic,Government clinic,?????? ????????,,,,,,
clinics,private_clinic,Private clinic,???????? ????????,,,,,,
clinics,pharmacy_or_drug_shop_in_the_market,Pharmacy or drug shop in the market,?????? ???????? ?? ?????? ??????,,,,,,
clinics,traditional,Traditional/community healer,?????? ???????,,,,,,
clinics,remotely_from_doctor,Consulted doctor remotely (e.g. over phone/facebook),??? ???? ?????????? ??????? (??? ??/????????),,,,,,
clinics,other,Other (specify),???????? (?????? ????),,,,,,
clinics,dont_know,Don't know/prefer not to answer,??????/ ???? ????? ???,,,,,,
health_barriers,no_challenge,No challenges accessing health care,????????????? ???? ??? ?????? ???? ,,,,,,
health_barriers,dont_know_where,Don't know where/how to access services,??????/?????? ???? ??? ?? ????? ??,,,,,,
health_barriers,no_functional_facility_nearby,No functional health facility nearby,???????? ??? ???????? ????????????? ??????? ???,,,,,,
health_barriers,treatment_medicine_unavailable,"Specific medicine, treatment or service needed unavailable","?????????? ????????? ????, ??????? ?? ??????? ???",,,,,,
health_barriers,long_waiting,Long waiting time for the service/overcrowded,??????? ???? ????? ??? ??????? ???? ??/ ???? ???? ???? ???? ,,,,,,
health_barriers,cannot_afford,Could not afford cost of consultation/treatment,??????? / ??????? ????? ??? ???? ???? ??,,,,,,
health_barriers,health_services_are_too_far_away,Health services are too far away/lack of transport,????????????? ??????? ??? ???? / ???????? ????,,,,,,
health_barriers,inaccessibility,Inaccessibility (e.g. due to road conditions),?????? ?? ?????(????? ??????? ?????????? ?????),,,,,,
health_barriers,pwd_access,Disability prevents access to health facility,??????? ???????? ????? ????????????????????? ???? ??????,,,,,,
health_barriers,elderly_access,Older persons face difficulties accessing health facility,?????? ????????? ????????????? ???? ???????? ???????? ??,,,,,,
health_barriers,safety_concerns_at_facility,Safety/security concerns at health facility,????????????????????? ????????? / ??????????? ??????,,,,,,
health_barriers,safety_concerns_on_the_way_to_facilities,Safety concerns on the way to health facilities (during the day),????? ????? ????????? ??????? ??? ??????? ??????,,,,,,
health_barriers,security_concerns_at_night,Safety/security concerns at night,???? ???????? ??????,,,,,,
health_barriers,lack_of_transport_at_night,Lack of transport at night,???? ????? ???? ,,,,,,
health_barriers,opening_hours,Health facility not open 24 hours/at night,???????????????????? ?????? ?? ????? / ???? ???? ?????? ,,,,,,
health_barriers,not_permitted_to_go,Not permitted to go by relative/other household member,???????????/ ??????? ???????? ????? ?????? ?????? ?????? ???,,,,,,
health_barriers,incorrect_medication,Did not receive correct medications,???? ???? ????? ?????,,,,,,
health_barriers,poor_consultation,Poor quality consultations at health facility,????????????????? ?????????? ??????? ,,,,,,
health_barriers,lack_staff,Not enough staff at health facility,????????????????????? ???????? ????? ???,,,,,,
health_barriers,wanted_wait,Wanted to wait and see if problem got better on its own,???????? ???? ???? ??? ??? ?? ???? ???? ????? ???? ??????? ???? ?????????? ,,,,,,
health_barriers,distrust,"Fear or distrust of health workers, examination or treatment","????????? ????????,??????? ?? ???????? ????? ??? ?? ???????? ",,,,,,
health_barriers,no_time,Could not take time off work / from caring for children,????? ???? ???? ??? ??? ???? / ??????? ???????? ??? ???? ??? ??? ???? ?????? ,,,,,,
health_barriers,language_barrier_with_health_service_staff,Language barriers or issues at health facility,????????????? ???????? ?????? ???? ?? ?????? ???,,,,,,
health_barriers,fear_of_contracting_covid_19_at_the_health_center,Fear of contracting COVID-19 at the health facility,????????????????? ?????-?? ? ???????? ????? ??,,,,,,
health_barriers,fear_of_contracting_covid_19_on_the_way,Fear of contracting COVID-19 on the way,????????????????? ?????? ??? ?????-?? ? ???????? ????? ?? ,,,,,,
health_barriers,no_female_staff_health,No female staff at the health facility,????????????????? ????? ????? ???,,,,,,
health_barriers,no_gender_segregation_health,No gender segregration at the health facility,????????????????? ???? ????? ?????? ???,,,,,,
health_barriers,other,Other (specify),???????? (?????? ????),,,,,,
health_barriers,dont_know,Don't know/prefer not to answer,?'? ????/ ????? ???,,,,,,
birth,at_home,At home,?????,,,,,,
birth,ngo_clinic,NGO clinic,????? ????????,,,,,,
birth,government_clinic,Government clinic,?????? ????????,,,,,,
birth,private_clinic,Private clinic,???????? ????????,,,,,,
birth,maternity_ward,Maternity ward,??????? ???????,,,,,,
birth,other,Other (specify),???????? (?????? ????),,,,,,
birth,dont_know,Don't know/prefer not to answer,??????/ ???? ????? ???,,,,,,
dont_know,dont_know,Don't know/Prefer not to answer,??????/ ???? ????? ???,,,,,,
dont_know,na,NA,NA,,,,,,
distance_learning_barriers,no_challenge,No challenges faced,??? ??????? ???????? ?????,,,,,,
distance_learning_barriers,not_effective,Home-based learning is not effective/children have fallen behind in learning,???-???? ??????? ( ??? ??? ?????? ??????) ??????? ??? / ?????? ????? ???????? ??????? ??????,,,,,,
distance_learning_barriers,lack_content_older_children,No appropriate home-based learning content provided for older children,??? ????????? ???? ??? ??? ?????? ???????? ????? ??????? ??????? ?????? ??? ?????,,,,,,
distance_learning_barriers,lack_content_younger_children,No appropriate home-based learning content provided for younger children,??? ????????? ???? ?????? ???????? ????? ??????? ??????? ?????? ??? ?????,,,,,,
distance_learning_barriers,lack_space,No space for children to study in shelter,??? ????????? ???? ????????? ?????? ???,,,,,,
distance_learning_barriers,lack_light,Lack of light in shelter,??? ???? ???? ,,,,,,
distance_learning_barriers,lack_concentration,Children cannot concentrate at home,???????? ??????? (????????)???????? ???? ???? ??,,,,,,
distance_learning_barriers,needed_at_home,Children are needed to help at home,????????? ?????? ???? ??????? ???? ??,,,,,,
distance_learning_barriers,working_outside_home,Children are working outside the home,???????? ?????? ????? ??? ???,,,,,,
distance_learning_barriers,hh_unaware_opportunities,Household is unaware of home-based learning opportunities or how to access them,??? ??? ?????? ???????? ????? ???????????? ???????? ?? ?????? ?????? ????? ??? ??? ???????? ?????? ,,,,,,
distance_learning_barriers,hh_consider_edu_unimportant,Household does not consider education important,?????? ???????? ???????????? ??? ??? ??,,,,,,
distance_learning_barriers,marriage_pregnancy,Marriage and/or pregnancy,????? ??? / ?? ??????????,,,,,,
distance_learning_barriers,language_barriers,Children do not understand the language of materials/classes,?????? ????? / ??????? ???? ???? ??,,,,,,
distance_learning_barriers,lack_materials,Lack of quality learning materials at home,??????? ?????????? ????? ??????? ????,,,,,,
distance_learning_barriers,curriculum,Household does not approve of curriculum,???????? ????????? ??????? ??? ??,,,,,,
distance_learning_barriers,lack_guidance,Lack of guidance from teachers,????????? ???????????? ????,,,,,,
distance_learning_barriers,noone_available_to_support,No one available in the household to support children,??????? ???????? ???? ??????? ??? ???,,,,,,
distance_learning_barriers,lack_technology,Lack of technological devices needed to access home-based learning,??? ??? ?????? ??????? ???? ??????????? ??????????? ???????? ????,,,,,,
distance_learning_barriers,lack_mobile_network,Lack of mobile network to access home-based learning,??? ??? ?????? ??????? ???? ?????? ???????????? ????,,,,,,
distance_learning_barriers,lack_internet_connectivity,Lack of internet connectivity to access home-based learning,??? ??? ?????? ??????? ???? ????????? ??????? ????,,,,,,
distance_learning_barriers,no_offers,No home-based learning offered,??? ??? ?????? ?????? ?????? ??? ?????,,,,,,
distance_learning_barriers,difficulties_pwd,Children with disabilities faced challenges,?????????? ?????? ??????? ???????? ???????,,,,,,
distance_learning_barriers,too_old,Children too old to participate,?????? ??? ????? ?? ???? ??? ?????? ?? ,,,,,,
distance_learning_barriers,too_young,Children too young to participate,?????? ??? ??? ?? ???? ??? ?????? ?? ,,,,,,
distance_learning_barriers,other,Other (specify),???????? (?????? ????),,,,,,
distance_learning_barriers,dont_know,Don’t know/prefer not to answer,??????/ ???? ????? ???,,,,,,
send_back_barriers,no_challenge,No challenges,??? ??????? ???????? ?????,,,,,,
send_back_barriers,lack_content_older_children,No appropriate learning content provided for older children,??? ????????? ???? ??? ??? ?????? ???????? ????? ??????? ??????? ?????? ??? ?????,,,,,,
send_back_barriers,lack_content_younger_children,No appropriate learning content provided for younger children,??? ????????? ???? ?????? ???????? ????? ??????? ??????? ?????? ??? ?????,,,,,,
send_back_barriers,lack_money,Lack of money to pay for fees or other education-related expenses ,?? ?? ???????? ??????-????????? ??????? ???? ?????? ????,,,,,,
send_back_barriers,needed_at_home,Children needed to help at home,??????? ??????? ??????? ???? ???????? ???,,,,,,
send_back_barriers,working_outside_home,Children working outside the home,?????? ?????? ????? ??? ????,,,,,,
send_back_barriers,too_far_transport,Schools are too far/lack of transport,????????? ???? ???? / ???????? ????,,,,,,
send_back_barriers,security_travel,Security concerns of child travelling or being at school,??????? ?????? ??????? ?? ?????? ???? ??????? ??????? ????????? ??????,,,,,,
send_back_barriers,inaccessibility,Inaccessibility (e.g. due to road conditions),?????? ?? ?????(????? ??????? ?????????? ?????),,,,,,
send_back_barriers,covid_risk,Risk of infection with COVID-19 travelling to school or at school,?????? ??????? ?? ?????? ???? ??????? ????-?? ?? ????????? ?????,,,,,,
send_back_barriers,facilities_overcrowded,Schools overcrowded,????????? ????????,,,,,,
send_back_barriers,hh_unaware_opportunities,Household is unaware of education opportunities available or how to access them,??? ??? ?????? ???????? ????? ???????????? ???????? ?? ?????? ?????? ????? ??? ??? ???????? ?????? ,,,,,,
send_back_barriers,hh_consider_edu_unimportant,Household does not consider education important,?????? ???????? ???????????? ??? ??? ??,,,,,,
send_back_barriers,marriage_pregnancy,Marriage and/or pregnancy,????? ??? / ?? ??????????,,,,,,
send_back_barriers,too_old,Children are too old now,?????? ????? / ??????? ???? ???? ??,,,,,,
send_back_barriers,too_young,Children are too young still,?????? ???? ??? ?? ?????,,,,,,
send_back_barriers,language_barriers,Children do not understand language of materials/classes,??????? ?????????? ????? ??????? ????,,,,,,
send_back_barriers,lack_materials,Lack of quality learning materials,??????? ?????????? ????? ??????? ????,,,,,,
send_back_barriers,curriculum,Household does not approve of curriculum,?????? ????????? ??????? ??? ??,,,,,,
send_back_barriers,lack_documentation,Children lack documentation needed to register,??????? ????????? ???? ??????????? ?????????? ???? ??????,,,,,,
send_back_barriers,fallen_behind,Children have fallen too far behind on learning,?????? ????? ???????? ???? ??????? ??????,,,,,,
send_back_barriers,poor_infrastructure,Poor school infrastructure,??????? ???????? ??? ?? ,,,,,,
send_back_barriers,lack_qualified_staff,Lack of qualified teaching staff,????? ???????? ????,,,,,,
send_back_barriers,lack_female_staff,Lack of female staff at school,?????? ????? ???????? ????,,,,,,
send_back_barriers,lack_gender_segregation_facility,Lack of gender segregation at school,?????? ?????-??????? ???? ????? ?????? ??? ,,,,,,
send_back_barriers,lack_gender_segregation_wash,Lack of gender segregated latrines at school,?????? ?????-??????? ???? ????? ??????????? ?????? ??? ,,,,,,
send_back_barriers,difficulties_pwd,Education services do not meet needs of children with disabilities,???????? ??????????? ?????????? ??????? ?????? ???? ??? ??,,,,,,
send_back_barriers,other,Other (specify),???????? (?????? ????),,,,,,
send_back_barriers,dont_know,Don’t know/prefer not to answer,??????/ ???? ????? ???,,,,,,
hhs_frequency,rarely,Rarely (once or twice),?????? - ? ???? ? ???,,,,,,
hhs_frequency,sometimes,Sometimes (3-10 times),???? ???? (?-?? ???),,,,,,
hhs_frequency,often,Often (10+ times),???????? (?? ????? ???),,,,,,
food_source,purchase_cash,Purchase (using own cash),????? (?????? ???? ??????? ???),,,,,,
food_source,purchase_credit,Purchase (credit from shop),????? (????? ???? ??????),,,,,,
food_source,food_assistance_food_card,Food assistance (food card),????? ??????? (????? ?????),,,,,,
food_source,borrowing_money,Borrowing money to buy food,??? ??? ????? ????,,,,,,
food_source,borrowing_food,Borrowing food,????? ??? ???,,,,,,
food_source,barter_and_exchange,Barter and exchange,???????????,,,,,,
food_source,support,"Support from friends/relatives (e.g. receiving money to buy food or food from them, but not borrowing)","????? / ???????-???????? ??? ???? ??????? (???? ????? ??? ???? ????? ?? ????? ????? ???? ????? ???, ??? ???? ??? ?????? ???)",,,,,,
food_source,begging,Begging/scavenging,?????? / ?????,,,,,,
food_source,gathering_of_wild_foods,Gathering of wild foods (plants/insects),???? ????? ?????? (?????? / ?????????),,,,,,
food_source,hunting,Hunting/fishing,????? / ??? ???,,,,,,
food_source,own_production,Own production,???? ???? ??? ,,,,,,
food_source,other,Other (specify),???????? (?????? ????),,,,,,
livelihood_coping,yes,Yes,????? ,,,,,,
livelihood_coping,no_need,"No, had no need to use this coping strategy","??, ?? ????????? ?????? ??????? ???? ????? ??? ??",,,,,,
livelihood_coping,exhausted,"No, have already exhausted this coping strategy and cannot use it again","??, ????????? ?? ?????? ???????? ??? ???? ???? ??? ??? ?? ??????? ???? ?????? ??",,,,,,
livelihood_coping,not_available,Not applicable/this coping strategy is not available to household,???????? ??? / ?? ????????? ?? ?????? ???????? ???? ???,,,,,,
coping_reason,food,To access or pay for food,????? ???? ?? ??????? ???? ???? ?????? ????,,,,,,
coping_reason,healthcare,To access or pay for healthcare,????????????? ???? ?? ???? ?????? ????,,,,,,
coping_reason,education,To access or pay for education,???????????? ???? ?? ??????? ???? ???? ?????? ????,,,,,,
coping_reason,agricultural_inputs,"To access or pay for agricultural inputs (seed, fertilizer, tools...)","????????? ?????? ???? ?? (???, ???, ??????????? ...)????????? ????? ?????? ???? ???? ?????? ????",,,,,,
coping_reason,clothing,"To access or pay for clothes, shoes","????, ???? ???? ?? ????, ????? ???? ???? ?????? ????",,,,,,
coping_reason,ceremonies,To pay for ceremonies,?????????? ???? ???? ??????,,,,,,
coping_reason,migration,To pay ticket/cover travel for migration,??????????? ???? ????? / ??????? ??? ??????,,,,,,
coping_reason,electricity,To access or pay for electricity bill/solar batteries,??????? ??? / ??? ????????? ?????? ?? ?? ???? ???? ?????? ???,,,,,,
coping_reason,rent,To pay rent,????? ??????? ???? ,,,,,,
coping_reason,shelter,To repair or build shelter,?? ?????? ?? ????????? ????,,,,,,
coping_reason,cooking_fuel,To access or pay for cooking fuel,??????? ????????? ?????? ?? ?? ???? ???? ???????? ????,,,,,,
coping_reason,hh_items,To access or pay for household items,???? ????????? ???? ?? ?? ???? ???? ?????? ????,,,,,,
coping_reason,hygiene_items,To access or pay for hygiene items,??????????? ????????? ???? ?? ?? ???? ???? ?????? ????,,,,,,
coping_reason,water,To access or pay for water,???? ???? ?? ????? ???? ???? ?????? ???? ,,,,,,
coping_reason,other,Other (specify),???????? (?????? ????),,,,,,
coping_reason,dont_know,Don't know/prefer not to answer,??????/ ???? ????? ???,,,,,,
income_source,none,None,??? ??????? ???????? ?????,,,,,,
income_source,salaried_work,Monthly salaried work,????? ?????? ???,,,,,,
income_source,casual_labor,Casual or daily labour,??????? ?? ??? ??????? ?????? ???,,,,,,
income_source,business,Income from own business or commerce (incl. agricultural production),?????? ?????? ?? ??????? ???? ??? (???? ??????? ??),,,,,,
income_source,government_benefits,Government social benefits or assistance ,????? ?????? ??????? ?????? ?? ???????,,,,,,
income_source,remittances,Remittances,???????????,,,,,,
income_source,family_friends,Support from family and friends (not including remittances),?????? ??? ???????? ??????? (????????? ?? ???),,,,,,
income_source,cash_for_work,Cash for work/volunteers,??????????? ?????? /????? ??????? ????,,,,,,
income_source,donations,"Charitable donations (e.g. zakat, not including humanitarian assistance)","?????? ??????? (???? ?????, ?????? ??????? ??????)",,,,,,
income_source,sale_assistance,Sale of assistance items,???? ?????????? ????????? ??????,,,,,,
income_source,other,Other (specify),???????? ?????? ????? ,,,,,,
income_source,dont_know,Don't know/prefer not to answer,??????/ ???? ????? ???,,,,,,
water_sources,piped_water_tap,Piped water tap/tapstand into settlement site,?????????? ??? ?????? ????????? ????? ????? / ??????????????,,,,,,
water_sources,deep_tubewell,Deep tubewell,???? ?????????,,,,,,
water_sources,shallow_tubewell,Shallow tubewell,????? ?????????,,,,,,
water_sources,tubewell_unknown,Deep or shallow tubewell (unknown),???? ?? ????? ????????? (?????),,,,,,
water_sources,protected_dugwell,Protected well,???????? ????,,,,,,
water_sources,protected_spring,Protected spring,???????? ???? ,,,,,,
water_sources,rainwater_collection,Rainwater collection,??????? ????? ??????,,,,,,
water_sources,bottled_water,Bottled water,??????? ????,,,,,,
water_sources,cart_with_small_tank_or_drum,Cart with small tank or drum,??? ??????? ?? ????? ?? ??????? ????,,,,,,
water_sources,tanker_truck,Tanker truck,????????? ?????,,,,,,
water_sources,unprotected_dug_well,Unprotected well/open well,??????? ????/ ???? ????,,,,,,
water_sources,unprotected_spring,Unprotected spring,???????? ?? ??? ???? ,,,,,,
water_sources,surface_water,"Surface water (river, dam, lake, pond, stream canal, irrigation canals)","?????????? ???? (???, ????, ????, ?????, ????? ???, ??? ???)",,,,,,
water_sources,other,Other (specify),???????? (?????? ????),,,,,,
water_sources,dont_know,Don't know/prefer not to answer,??????/ ???? ????? ???,,,,,,
enough_water,yes,Yes,????? ,,,,,,
enough_water,no,No,??,,,,,,
enough_water,not_applicable,Not applicable,???????? ??,,,,,,
enough_water,dont_know,Don't know/prefer not to answer,??????/ ???? ????? ???,,,,,,
water_coping,no_issue,No issues related to a lack of water,????? ???? ????????? ???? ?????? ???,,,,,,
water_coping,less_preferred_drinking,Rely on less preferred (unimproved/untreated) water sources for drinking water,?????? ???? ???? ?? ??????? (?????? / ?????????) ????? ????? ??? ?????? ???,,,,,,
water_coping,less_preferred_other,"Rely on less preferred (unimproved/untreated) water sources for purposes other than drinking, such as cooking and washing",????? ???? ????? ???? ????????? ???? ?????? ??? ????? (?????? / ?????????) ????? ????? ??? ?????? ???,,,,,,
water_coping,further_away,Fetch water at a source further than the usual one,??????????? ????? ??? ????? (???) ???? ???? ???,,,,,,
water_coping,spend_money,Spend money (or credit) on water that should otherwise be used for other purposes,"????? ???? ???? (??? ???)??? ???, ?? ??????? ???? ??? ???? ??????? ??? ??? ",,,,,,
water_coping,less_drinking,Reduce drinking water consumption (drink less),?????? ???? ??????? ????? ??? (???? ?? ??? ???),,,,,,
water_coping,less_use_other,"Reduce water consumption for purposes other than drinking (bathe less, less water for cooking, washing, etc.)","????? ?????? ???? ????????? ???? ??????? ????? ??? (???? ?? ???, ??????? ????, ?????? ???? ?? ???? ???????? ??? ???????)",,,,,,
water_coping,mix_water,Mix safe and unsafe water for drinking (or mixing water from protected and unprotected water sources),????? ???? ?????? ??? ??????? ???? ?????? ??? (?? ???????? ??? ???????? ??? ???? ??????? ????),,,,,,
water_coping,other,Other (specify),???????? (?????? ????),,,,,,
water_coping,dont_know,Don't know/prefer not to answer,??????/ ???? ????? ???,,,,,,
sanitation_facility,flush_toilet,Flush or pour/flush toilet,??????? ????? ?? ???? ????/ ????? ???,,,,,,
sanitation_facility,pit_latrine_no_slab,Pit latrine without a slab or platform,???? ??????? ?? ??????????? ?????? ????????? ?????????,,,,,,
sanitation_facility,pit_latrine_slab,Pit latrine with a slab and platform,??????? ??? ??????????? ?? ????????? ?????????,,,,,,
sanitation_facility,open_hole,Open hole,???? ????,,,,,,
sanitation_facility,pit_vip,VIP toilet,?????? ??????,,,,,,
sanitation_facility,bucket,Bucket toilet and put in latrine after,??????? ??????? ??? ??? ?????????? ???? ????,,,,,,
sanitation_facility,plastic_bag,Plastic bag and put in latrine after,??????????? ??????? ??????? ??? ??? ?????????? ???? ????,,,,,,
sanitation_facility,hanging_toilet,Hanging toilet/latrine,?????? ?????? / ?????????,,,,,,
sanitation_facility,potties,Potties (for children),??? (??????? ????),,,,,,
sanitation_facility,none,"None of the above, open defecation (including drainages, bucket toilet and/or plastic bags and putting in the open after)","????? ????? ???, ???? ?????? ??????? (??????, ????? ??????? ??? / ???? ??????????? ?????? ??? ??? ???? ???????? ????)",,,,,,
sanitation_facility,other,Other (specify),???????? (?????? ????),,,,,,
sanitation_facility,dont_know,Don't know/prefer not to answer,??????/ ???? ????? ???,,,,,,
sanitation_barriers_females,no_problem,No problem related to latrines,????????? ????????? ???? ?????? ???,,,,,,
sanitation_barriers_females,lack_facilities,Not enough latrines/long waiting times/overcrowding,???????? ????????? ??? / ????? ???????? ???? / ???? ???? ????,,,,,,
sanitation_barriers_females,not_functioning,"Latrines are not functioning (e.g. full of sludge, lack of water, door/floor/wall/roof in poor condition, lack of lock, latrine exposed to landslide risk, septic tank open or leaking, etc.)","????????????? ??? ???? ?? (???? ?????????, ????? ????, ???? / ???? / ?????? / ????? ????? ????????,????? ????, ????????? ???????? ?????? ????????? ???, ?????? ??????? ???? ?? ???? ????? ??????? )",,,,,,
sanitation_barriers_females,unclean,Latrines are unclean/unhygienic,????????????? ?????????/ ????????????,,,,,,
sanitation_barriers_females,too_far,Latrines are too far,????????????? ???? ????,,,,,,
sanitation_barriers_females,difficult_access,"Latrines are difficult to reach (due to road conditions, terrain, etc)","??????????????? ?????? ?????? (??????? ??????, ???????? ?????, ???????)",,,,,,
sanitation_barriers_females,light_inside,Lack of light inside latrines,?????????????? ????? ???? ????,,,,,,
sanitation_barriers_females,light_outside,Lack of light outside latrines,?????????????? ????? ???? ????,,,,,,
sanitation_barriers_females,pwd_difficulties,Persons with disabilities have problems accessing/using latrines,?????????? ?????????? ??????????? ?????? ???? / ??????? ???? ?????? ???,,,,,,
sanitation_barriers_females,elderly_difficulties,Older persons have problems accessing/using latrines,?????? ?????????? ??????????? ?????? ????/ ??????? ???? ?????? ???,,,,,,
sanitation_barriers_females,female_safety_night,"Females feel unsafe using latrines, because they are not (appropriately) segregated between men and women","??????? ????????? ??????? ???? ??????? ??? ????, ???? ????? ??? ???????? ????? ????? ??? ????????? (?????????) ???",,,,,,
sanitation_barriers_females,wall_see_through,Females feel unsafe using latrines because walls/doors are see-through,"??????? ????????? ??????? ???? ??????? ??? ????, ???? ?????? / ???????? ???? ????? ???????? ",,,,,,
sanitation_barriers_females,no_lock,Females feel unsafe using latrines because there is no lock,???? ???? ?? ?????? ??????? ????????? ??????? ???? ??????? ??? ???,,,,,,
sanitation_barriers_females,female_access,Females are not able or allowed to leave the shelter to access the latrines,?????????????? ?????????? ???? ??????? ?? ????? ???? ????? ?? ????????????? ???,,,,,,
sanitation_barriers_females,harassment,Females feel unsafe accessing or using latrines out of fear of harassment,???????? ???? ??????? ?????????????? ?????? ???? ?? ??????? ??????? ??? ???,,,,,,
sanitation_barriers_females,menstrual_management,No menstrual hygiene management facilities available at latrines,??????????????? ???? ?????-????????? ????????? ???????????? ?????? ???,,,,,,
sanitation_barriers_females,fear_covid,Fear of contracting COVID-19 on the way/at facility,???????? ?????? ???/???????? ????? ????????? ?? ???,,,,,,
sanitation_barriers_females,safety_concerns,Other safety or security concerns on the way/at facility,???????? ?????? ???/???????? ??????? ?? ????????????? ???? ?????? ???,,,,,,
sanitation_barriers_females,other,Other (specify),???????? (?????? ????),,,,,,
sanitation_barriers_females,dont_know,Don't know/prefer not to answer,??????/ ???? ????? ???,,,,,,
sanitation_barriers_males,no_problem,No problem related to latrines,????????? ????????? ???? ?????? ???,,,,,,
sanitation_barriers_males,lack_facilities,Not enough latrines/long waiting times/overcrowding,???????? ????????? ??? / ????? ???????? ???? / ???? ???? ????,,,,,,
sanitation_barriers_males,not_functioning,"Latrines are not functioning (e.g. full of sludge, lack of water, door/floor/wall/roof in poor condition, lack of lock, latrine exposed to landslide risk, septic tank open or leaking, etc.)","????????????? ??? ???? ?? (???? ?????????, ????? ????, ???? / ???? / ?????? / ????? ????? ????????,????? ????, ????????? ???????? ?????? ????????? ???, ?????? ??????? ???? ?? ???? ????? ??????? )",,,,,,
sanitation_barriers_males,unclean,Latrines are unclean/unhygienic,????????????? ?????????/ ????????????,,,,,,
sanitation_barriers_males,too_far,Latrines are too far,????????????? ???? ????,,,,,,
sanitation_barriers_males,difficult_access,"Latrines are difficult to reach (due to road conditions, terrain, etc)","??????????????? ?????? ?????? (??????? ??????, ???????? ?????, ???????)",,,,,,
sanitation_barriers_males,light_inside,Lack of light inside latrines,?????????????? ????? ???? ????,,,,,,
sanitation_barriers_males,light_outside,Lack of light outside latrines,?????????????? ????? ???? ????,,,,,,
sanitation_barriers_males,pwd_difficulties,Persons with disabilities have problems accessing/using latrines,?????????? ?????????? ??????????? ?????? ???? / ??????? ???? ?????? ???,,,,,,
sanitation_barriers_males,elderly_difficulties,Older persons have problems accessing/using latrines,?????? ?????????? ??????????? ?????? ????/ ??????? ???? ?????? ???,,,,,,
sanitation_barriers_males,fear_covid,Fear of contracting COVID-19 on the way/at facility,???????? ?????? ???/???????? ????? ????????? ?? ???,,,,,,
sanitation_barriers_males,safety_concerns,Other safety or security concerns on the way/at facility,???????? ?????? ???/???????? ??????? ?? ????????????? ???? ?????? ???,,,,,,
sanitation_barriers_males,other,Other (specify),???????? (?????? ????),,,,,,
sanitation_barriers_males,dont_know,Don't know/prefer not to answer,??????/ ???? ????? ???,,,,,,
sanitation_coping,no_issue,No issues related to latrines,????????? ????????? ???? ?????? ???,,,,,,
sanitation_coping,less_preferred_facility,Rely on less preferred (unhygienic/unimproved) latrines,?? ??????? (????????????/ ???????) ?????????????? ??? ?????? ????,,,,,,
sanitation_coping,communal_latrines,Rely on communal latrines,?????? ?????????????? ??? ?????? ???,,,,,,
sanitation_coping,plastic_bag,Defecate in a plastic bag/bucket,??????????? ????? / ??????? ??????? ???,,,,,,
sanitation_coping,open_defecation,Defecate in the open (including drainages),???? ???????? ??????? ???(?????? ??),,,,,,
sanitation_coping,further_away,Going to latrines further than the usual one,??????????? ????? ???? ?????????? ??????,,,,,,
sanitation_coping,bathing_facility,Using bathing place at household level for defecation,????????? ???? ???????? ???? ???????? ??????? ???,,,,,,
sanitation_coping,household_latrine,Using household latrines,???? ????????? ??????? ???,,,,,,
sanitation_coping,not_going_at_night,Not going to latrines at night,???? ?????????? ??? ??,,,,,,
sanitation_coping,latrines_other_facilities,"Using latrines at education centres, women centres, or other facilities","?????? ???????, ????? ??????? ?? ???????? ??????????? ????????? ??????? ???",,,,,,
sanitation_coping,bury_faeces,Bury faeces,?? ???? ????,,,,,,
sanitation_coping,reducing_times,Reducing number of times latrine is used,????????? ????????? ???? ????? ???,,,,,,
sanitation_coping,other,Other (specify),???????? (?????? ????),,,,,,
sanitation_coping,dont_know,Don't know/prefer not to answer,??????/ ???? ????? ???,,,,,,
soap,yes_shown,Yes (soap is shown),????? (????? ???? ????),,,,,,
soap,yes_not_shown,Yes (soap is not shown),????? (????? ???? ?????),,,,,,
soap,no,No,??,,,,,,
soap,dont_know,Don't know/prefer not to answer,??????/ ???? ????? ???,,,,,,
bin_access,one_bin,"Yes, household has 1 bin at household","?????, ??? ??????? ???? ? ?? ??????? ??? ??? ????? ????? ???",,,,,,
bin_access,several_bins,"Yes, household has more than 1 bin at household","?????, ??????? ? ???? ???? ????? ??????",,,,,,
bin_access,communal_bin,"Yes, household has access to communal bin/pit","?????, ??????? ?????? ??????? ??? ??? ????? ?????/??????? ????? ?????? ?????? ???",,,,,,
bin_access,no,No,??,,,,,,
bin_access,dont_know,Don’t know/prefer not to answer,??????/ ???? ????? ???,,,,,,
disposal,hh_bin_segregation,Household uses bins at household and segregates (if it has bins),??? ???????? ??????? ??????? ??? ??? ????? ?????/???? ???????? ??? ??? ????? ??? ???? ?? (??? ??? ????),,,,,,
disposal,hh_bin_no_segregation,Household uses bins at household as does not segregate (if it has bins),??? ???????? ??????? ??????? ??? ??? ????? ?????/???? ???????? ??? ???? ????? ??? ???? ???? (??? ??? ????),,,,,,
disposal,communal_bin_segregation,Household uses communal bin/pit and segregates (if has access),???????? ??????? ??????? ??? ??? ????? ?????? ?????/???? ???????? ??? ??? ????? ??? ???? ?? (??? ?????? ????),,,,,,
disposal,communal_bin_no_segregation,Household uses communal bin/pit and does not segregate (if has access),???????? ??????? ??????? ??? ??? ????? ?????? ?????/???? ???????? ??? ??? ???? ????? ??? ???? ???? (??? ?????? ????),,,,,,
disposal,behind_shelter,Household throws waste behind shelter/in the drain,???????? ??????? ???? ????? / ?????? ??????? ???? ???? ,,,,,,
disposal,compost,Household uses food waste to produce own compost,???????? ??????? ??? ?????? ????? ?????? ??????? ???,,,,,,
disposal,other,Other (specify),???????? (?????? ????),,,,,,
disposal,dont_know,Don’t know/prefer not to answer,?'? ????/ ????? ???,,,,,,
collection,regular_collection,"Yes, all waste is regularly collected directly from my shelter/communal bin/pit","?????, ????? ?????? ?????? ???? ?? ???? / ?????? ??? / ???? ???? ??????? ?????? ??? ???",,,,,,
collection,irregular_collection,"No, only some waste is regularly collected (e.g. recyclables, such as PET bottles, metal, glass, cardboard)","??, ????????? ???? ?????? ??????? ?????? ??? ??? (???? ????????????????, ????? ??? ????, ????, ????, ????????)",,,,,,
collection,no_collection,"No, the waste is only sometimes collected directly from my shelter/communal bin/pit","?????, ????? ?????? ?????? ???? ?? ???? / ?????? ??? / ???? ???? ???? ???? ?????? ??? ???",,,,,,
collection,other,Other (specify),???????? (?????? ????),,,,,,
collection,dont_know,Don’t know/prefer not to answer,??????/ ???? ????? ???,,,,,,
safety_change,improved,The safety and security situation has improved,??????? ?? ????????? ??????? ?????? ?????,,,,,,
safety_change,worse,The safety and security situation has gotten worse,??????? ?? ????????? ??????? ????? ?????,,,,,,
safety_change,no_change,The safety and security situation has not changed,??????? ?? ????????? ??????? ???????? ????,,,,,,
safety_change,other,Other (specify),????? ???,,,,,,
safety_change,dont_know,Don't know/prefer not to answer,??????/ ???? ????? ???,,,,,,
protection_service_barriers,no_issue,Did not face any issue,???? ??????? ???????? ?????,,,,,,
protection_service_barriers,no_staff_covid,Service/staff was not available due to COVID-19,?????? ????? ??????? / ????? ????????? ???,,,,,,
protection_service_barriers,no_staff_other_reason,Service/staff was not available for other reasons (e.g. outside of opening hours),???????? ????? ??????? / ????? ????????? ??? (?????,,,,,,
protection_service_barriers,not_resolved,Problem was not resolved to household’s satisfaction,??????? ?????? ???????? ??????????? ?????,,,,,,
protection_service_barriers,dont_understand_process,Do not understand the process,???????????? ????? ?? ????,,,,,,
protection_service_barriers,dont_know_where_report,Do not know where to report,?????? ??????? ???? ??? ?? ?? ????,,,,,,
protection_service_barriers,lack_trust,Do not trust the available services,????????????? ??????? ???,,,,,,
protection_service_barriers,lack_privacy,Lack of privacy at facility/overcrowding,???????? ????????? ?????????? ????/???? ???? ??????,,,,,,
protection_service_barriers,inaccssibility,Inaccessibility (e.g. due to road conditions),?????? ?? ?????(????? ??????? ?????????? ?????),,,,,,
protection_service_barriers,too_far,Service is too far away,??????? ???? ????,,,,,,
protection_service_barriers,security_concerns,Security concerns travelling to service facility/at facility,??????????????? ?????? ???/??????????????? ????????????? ?????? ???,,,,,,
protection_service_barriers,fear_covid,Fear of contracting COVID-19 on the way/at facility,??????????????? ?????? ???/??????????????? ????? ?????? ?? ???,,,,,,
protection_service_barriers,language_issue,Language issues/barriers,???? ?? ?????? ?? ????????,,,,,,
protection_service_barriers,not_effective,"Service was not effective in the past, so did not try","????? ??????? ??????? ??? ??, ??? ?????? ??????",,,,,,
protection_service_barriers,pwd_difficulties,"Persons with disabilities faced challenges reporting/accessing protection services, or were not able to",?????????? ????????? ??????? ??????????? ???????? ??????? ???? /???? ??????? ???????? ?? ?? ????? ????,,,,,,
protection_service_barriers,elderly_difficulties,"Older persons faced challenges reporting/accessing protection services, or were not able to",?????? ????????? ??????? ??????????? ???????? ??????? ???? /???? ??????? ???????? ?? ?? ????? ????,,,,,,
protection_service_barriers,females_difficulties,"Females faced challenges reporting/accessing protection services, or were not able to",??????? ??????? ??????????? ???????? ??????? ???? /???? ??????? ???????? ?? ?? ????? ????,,,,,,
protection_service_barriers,lack_female_staff,Lack of female staff,????? ???????? ????,,,,,,
protection_service_barriers,other,Other (specify),??????,,,,,,
protection_service_barriers,dont_know,Don't know/prefer not to answer,??????/ ???? ????? ???,,,,,,
unsafe_areas,no_area,There are no areas where they feel unsafe,??? ???? ????? ??? ?????? ???? ?????? ?????? ??? ???,,,,,,
unsafe_areas,latrines,Latrines or bathing facilities,????????? ?? ????????,,,,,,
unsafe_areas,markets,Markets,???????/?????,,,,,,
unsafe_areas,distribution_points,Distribution sites,??????? ?????????,,,,,,
unsafe_areas,water_points,Water points,????? ??????????,,,,,,
unsafe_areas,community_areas,Social/community areas ,???????/???????????? ?????????,,,,,,
unsafe_areas,friends_house,Friend's/relative's home,?????? / ???????-???????? ?????,,,,,,
unsafe_areas,community_kitchen,Community kitchen,???????? ????????,,,,,,
unsafe_areas,homes,In own shelter (at home),?????? ??????? (???????),,,,,,
unsafe_areas,shelters,Communal shelters (e.g. multipurpose/cyclone shelters - specify),????????? ?????? ?? ????????? (???? ??????? / ????????? ????????????? - ????????? ???),,,,,,
unsafe_areas,forest_open_space_farm,Nearby forests/open spaces or farms,???????? ?? / ???? ?????? ?? ?????,,,,,,
unsafe_areas,on_way,On their way to different facilities,??????? ?????-??????? ???,,,,,,
unsafe_areas,transportation,In transportation,???????,,,,,,
unsafe_areas,collect_firewood,On the way to collect firewood,??? ???????? ???,,,,,,
unsafe_areas,other,Other (specify),????? ???,,,,,,
unsafe_areas,dont_know,Don't know/prefer not to answer,?'? ????/ ????? ???,,,,,,
gbv_organisation,health_facilities,Health facilities,??????????????? ,,,,,,
gbv_organisation,psychosocial_service_providers,Psychosocial service providers (community or counseling centers),"?????????? ??????? ?????????? (???????????? ?????????? ???????, ??????? ???????????),",,,,,,
gbv_organisation,police_and_security,Law enforcement officials (i.e. police),??? ??????????? ??????????? (?????),,,,,,
gbv_organisation,legal_aid_service_providers,Legal aid service providers,???? ??????? ??????? ??????????,,,,,,
gbv_organisation,community_based_dispute_resolution_mechanisms,"Community-based dispute resolution mechanisms (e.g. local authorities, elderly citizens, chief traditional leaders)","?????????? ??????? ????? ????????? ?????????? (???? ???????? ?????????, ??????/????? ??????)",,,,,,
gbv_organisation,ombudsman,Ombudsman/National Human Rights Institutions,??????????? / ?????? ?????????? ??????????????,,,,,,
gbv_organisation,govt_department,"Government department (e.g. UNO, other local government departments)","?????? ????????? (???? ?????, ???????? ???????? ????? ?????????)",,,,,,
gbv_organisation,women_friendly_spaces,Women-friendly spaces/multi-purpose women centers,???? ?????? ???????/??????? ???? ?????? ???????,,,,,,
gbv_organisation,union_parishad_nnpc,Union parishad/ Nari Nirjaton Protirodh Committee (NNPC),??????? ????? / ???? ???????? ???????? ????? (????????),,,,,,
gbv_organisation,family_relatives,"Family/relatives/guardians, curator or legal authorized representative","?????? / ??????? / ???????, ???????? ??????? ?? ???? ???????? ?????????",,,,,,
gbv_organisation,nowhere,Nowhere,????? ??,,,,,,
gbv_organisation,other,Other (specify),????? ???,,,,,,
gbv_organisation,dont_know,Don't know/prefer not to answer,??????/ ???? ????? ???,,,,,,
gbv_organisation2,none,There are no service points where I would not send him/her,??? ???? ??????? ?? ??????? ??????? ??? ?????? ??? ???? ??????? ??,,,,,,
gbv_organisation2,health_facilities,Health facilities,??????? ???? ,,,,,,
gbv_organisation2,psychosocial_service_providers,Psychosocial service providers (community or counseling centers),?????? ????? ??? (???? ?????? ????? ?? ?? ?????) ,,,,,,
gbv_organisation2,police_and_security,Law enforcement officials (i.e. police),??? ??????????? ??????????? (?????),,,,,,
gbv_organisation2,legal_aid_service_providers,Legal aid service providers,??????? ??? ?-?? ,,,,,,
gbv_organisation2,community_based_dispute_resolution_mechanisms,"Community-based dispute resolution mechanisms (e.g. local authorities, elderly citizens, chief traditional leaders)","?????????? ??????? ????? ????????? ?????????? (???? ???????? ?????????, ??????/????? ??????)",,,,,,
gbv_organisation2,ombudsman,Ombudsman/National Human Rights Institutions,??????????? / ?????? ?????????? ??????????????,,,,,,
gbv_organisation2,majhi,Majhi,"?????? / ??????? / ???????, ???????? ??????? ?? ???? ???????? ?????????",,,,,,
gbv_organisation2,cic,CiC,?? ?? ?? ,,,,,,
gbv_organisation2,women_friendly_spaces,Women-friendly spaces/multi-purpose women centers,????-????????? ??????????,,,,,,
gbv_organisation2,family_relatives,"Family/relatives/guardians, curator or legal authorized representative","?????? / ??????? / ???????, ???????? ??????? ?? ???? ???????? ?????????",,,,,,
gbv_organisation2,other,Other (specify),????? ???,,,,,,
gbv_organisation2,dont_know,Don't know/prefer not to answer,?'? ????/ ????? ???,,,,,,
separated_reason,separated,Parents died or they are separated from their parents for other reasons,????-????? ?????? ?? ???? ???? ????? ???? ????? ????-?????? ??? ???? ???? ???,,,,,,
separated_reason,marriage,Marriage,?????,,,,,,
separated_reason,employment,Employment,???????????,,,,,,
separated_reason,violence,Violence,???????,,,,,,
separated_reason,other,Other (specify),????????,,,,,,
separated_reason,dont_know,Don't know/prefer not to answer,?'? ????/ ????? ???,,,,,,
child_needs,all_met,All needs of children are met,??????? ????? ?????? ???? ???,,,,,,
child_needs,safety,Safety and security,????????? ??? ???????,,,,,,
child_needs,food,Food,?????,,,,,,
child_needs,shelter,Shelter,??????,,,,,,
child_needs,psychosocial_support,Psychosocial support,?????????? ???????,,,,,,
child_needs,education,Education,??????,,,,,,
child_needs,alternative_care,Alternative care,?????? ???????\????,,,,,,
child_needs,child_protection,Child protection case management/social work support,???? ???????? ?????/??? ???????????/ ??????? ??????????? ??????,,,,,,
child_needs,healthcare,Health care,?????????????,,,,,,
child_needs,other,Other (specify),????????,,,,,,
child_needs,dont_know,Don't know/prefer not to answer,?'? ????/ ????? ???,,,,,,
child_punishment,verbal,Verbal,????? ,,,,,,
child_punishment,physical,Physical,???????,,,,,,
child_punishment,other,Other (specify),????????,,,,,,
child_punishment,dont_know,Don't know/prefer not to answer,??????/ ???? ????? ???,,,,,,
information_barriers,no_problem,Did not face any problems accessing information,???? ???? ?? ????? ???????? ??????,,,,,,
information_barriers,i_did_not_ask,Household has never asked for information,???????? ???? ???? ??????,,,,,,
information_barriers,aid_workers_did_not_share,Aid workers do not share/disclose,?????????? ??????? ???????/?????? ?????,,,,,,
information_barriers,message_was_not_clear,Messages are not clear/understandable,?????????? ??????/ ??????? ???,,,,,,
information_barriers,language_that_i_don’t_understand,Messages are shared in a language that the household does not understand,?????????? ??? ?????? ?????? ????? ?? ???????? ????? ??????,,,,,,
information_barriers,the_information_shared_was_not_adequate,The information shared is not relevant to household needs / no new information is shared,???????? ???? ????????? ?????????? ???? ?????????? ??? / ???? ???? ???? ?????? ??? ??? ??,,,,,,
information_barriers,didnt_know_where_to_get_information,Don't know where to get information/who to ask,???? ?????? ?????/ ???? ???????? ???? ??? ?? ????? ??,,,,,,
information_barriers,information_isnt_shared_often_enough,Information isn't shared often enough,???????? ?????? ??????? ???? ?????? ??? ??? ??,,,,,,
information_barriers,not_enough_information_on_services_available,Not enough information on services available,??????? ????????? ???????? ???? ???,,,,,,
information_barriers,not_enough_information_on_how_to_access_specific_services,Not enough information on how to access specific services available,????????? ??????????? ?????? ????? ?? ???????? ???????? ???? ???,,,,,,
information_barriers,no_female_staff_providing_information,No female staff providing information,??? ???? ????? ????? ???? ?????? ????? ??,,,,,,
information_barriers,no_door_to_door,No door to door information sharing/information can only be accessed in public spaces,??? ??? ???? ????? ????/ ???? ????????? ?????? ??????????? ????? ???,,,,,,
information_barriers,difficulties_pwd,Persons with disabilities face difficulties receiving/understanding information,?????????? ????????? ???? ?????/????? ???????? ???????? ???????? ??,,,,,,
information_barriers,difficulties_elderly,Older persons face difficulties receiving/understanding information,?????? ????????? ???? ????? / ????? ???????? ???????? ???????? ??,,,,,,
information_barriers,other,Other (specify),???????? (?????? ????),,,,,,
information_barriers,dont_know,Don't know/prefer not to answer,??????/ ???? ????? ???,,,,,,
information_cyclones,preparedness,Cyclone preparedness actions (what should be done as preparation during normal time),????????? ?????????? ????????? (?????? ????? ????????? ?????? ?? ??? ????),,,,,,
information_cyclones,early_warning,"Cyclone early warning (concept of flags 1, 2, 3 and what to do when they are hoisted)","????????? ????? ??????? (????? ?,?.? ??? ?? ????????? ???? ?? ??? ????)",,,,,,
information_cyclones,sources_information,What the sources of information on cyclones are (if required),????????? ????????? ?????? ??????? ?? ?? (?????????),,,,,,
information_cyclones,other,Other (specify),???????? (?????? ????),,,,,,
information_cyclones,dont_know,Don't know/prefer not to answer,??????/ ???? ????? ???,,,,,,
information_covid,reducing_risk,How to reduce risk of infection/spread of COVID-19,?????? ?????? ??????? / ??????? ??????? ????? ????? ??? ????,,,,,,
information_covid,symptoms,What the COVID-19 symptoms are,?????? ?????????? ?? ?? ?,,,,,,
information_covid,seek_help,Where to seek help if showing symptoms,????????? ???? ???? ?????? ??????? ????? ???,,,,,,
information_covid,covid_information,Sources of information on COVID 19 (if required),????? ????????? ?????? ????? (??? ???????? ???),,,,,,
information_covid,other,Other (specify),???????? (?????? ????),,,,,,
information_covid,dont_know,Don't know/prefer not to answer,??????/ ???? ????? ???,,,,,,
consulted,not_taken_into_account,Household was consulted but opinion not taken into account,???? ???? ?????? ?????? ?????? ???? ??????? ??? ?? ,,,,,,
consulted,aid_type,"Yes, consulted and opinion taken into account related to type of aid","?????, ?????? ?????? ??? ????? ?????? ??? ???? ??????? ????? ",,,,,,
consulted,aid_modality,"Yes, consulted and opinion taken into account related to modality","?????, ?????? ?????? ??? ????? ?????? ??? ???? ??????? ????? ",,,,,,
consulted,type_and_modality,"Yes, consulted and opinion taken into account related to both","?????, ?????? ?????? ??? ?????? ???? ????????? ???? ??????? ?????",,,,,,
consulted,no,Household was not consulted,???????? ???? ??????? ??? ?????,,,,,,
consulted,dont_know,Don't know/prefer not to answer,??????/ ???? ????? ???,,,,,,
feedback,no_challenge,No challenges,??? ??????? ???????? ?????,,,,,,
feedback,did_not_know_where,Did not know where/whom/how to provide feedback,?????? / ????? ???? / ?????? ???????????? ?????? ??? ?? ???? ??,,,,,,
feedback,process_is_too_complicated,The process was too complicated,???????????? ??? ???? ???,,,,,,
feedback,could_not_communicate_due_to_language,Language barriers - could not communicate feedback in preferred language,?????? ?????? - ??????? ?????? ???????????? ?????? ??????,,,,,,
feedback,dont_know_how_to_read,Don’t know how to read/write,?????? ????/ ????? ??? ??????,,,,,,
feedback,had_fear_about_confidentiality,Had fear about confidentiality,????????? ????????? ??? ???,,,,,,
feedback,could_not_go_out,No possibility to give feedback at shelter/could not leave the house,??? ???? ???????????? ?????? ????? ????? / ???? ?????? ??????,,,,,,
feedback,did_but_it_was_not_responded,No response/reaction received to feedback,????????????? ??? ????/???? ?????,,,,,,
feedback,did_but_the_response_was_not_satisfactory,Response to feedback was not satisfactory/timely,????????????? ????/???? ????????? / ???????? ?????,,,,,,
feedback,mistreated,Mistreated when providing feedback,???????????? ???????? ???? ???????/????? ???? ??? ??????,,,,,,
feedback,bribery,Asked for money when providing feedback,???????????? ??????? ???? ???? ????????,,,,,,
feedback,lack_female_staff,No female staff collecting/receiving feedback,???? ?????????? ???????????? ??????/????? ???????,,,,,,
feedback,difficulties_pwd,Persons with disabilities face challenges providing feedback,?????????? ????????? ???????????? ??????? ??????? ???????? ??,,,,,,
feedback,difficulties_elderly,Older persons face challenges providing feedback,?????? ????????? ???????????? ??????? ??????? ???????? ??,,,,,,
feedback,no_need,Did not have to give feedback,????? ???? ??? ??,,,,,,
feedback,other,Other (specify),???????? (?????? ????),,,,,,
feedback,dont_know,Don't know/prefer not to answer,??????/ ???? ????? ???,,,,,,
